,Peptide,UniProt id,Start position,End position,Intensity 1
106,AEDPQGDAAQKTD,sp|P01009|A1AT_HUMAN,25.0,35.0,2.0
546,ASLHLPKLSIT,sp|P01009|A1AT_HUMAN,309.0,317.0,3.0
895,DTEEEDFHV,sp|P01009|A1AT_HUMAN,227.0,233.0,1.0
1152,FFLPDEGKL,sp|P01009|A1AT_HUMAN,277.0,283.0,2.0
1153,FFLPDEGKLQHLENELTHDIITKFL,sp|P01009|A1AT_HUMAN,277.0,299.0,0.0
1253,FLEAIPMSIPPEVKFNKPFVF,sp|P01009|A1AT_HUMAN,377.0,395.0,1.0
1254,FLEAIPMSIPPEVKFNKPFVFL,sp|P01009|A1AT_HUMAN,377.0,396.0,7.0
1257,FLENEDRRSASLHLPKLSIT,sp|P01009|A1AT_HUMAN,300.0,317.0,2.0
1266,FLPDEGKLQHLE,sp|P01009|A1AT_HUMAN,278.0,287.0,2.0
1287,FMGKVVNPTQK,sp|P01009|A1AT_HUMAN,409.0,418.0,1.0
1424,FSNGADLSGVTEEAPLKLS,sp|P01009|A1AT_HUMAN,337.0,353.0,1.0
1827,HDQDHPTFN,sp|P01009|A1AT_HUMAN,41.0,47.0,1.0
1828,HDQDHPTFNK,sp|P01009|A1AT_HUMAN,41.0,48.0,1.0
1890,HHDQDHPTFN,sp|P01009|A1AT_HUMAN,40.0,47.0,3.0
1891,HHDQDHPTFNK,sp|P01009|A1AT_HUMAN,40.0,48.0,1.0
2087,IFFLPDEGKL,sp|P01009|A1AT_HUMAN,276.0,283.0,2.0
2088,IFFLPDEGKLQ,sp|P01009|A1AT_HUMAN,276.0,284.0,1.0
2089,IFFLPDEGKLQHL,sp|P01009|A1AT_HUMAN,276.0,286.0,1.0
2090,IFFLPDEGKLQHLE,sp|P01009|A1AT_HUMAN,276.0,287.0,2.0
2091,IFFLPDEGKLQHLENELTHDIITKF,sp|P01009|A1AT_HUMAN,276.0,298.0,2.0
2092,IFFLPDEGKLQHLENELTHDIITKFL,sp|P01009|A1AT_HUMAN,276.0,299.0,0.0
2093,IFFSPVSIATAFAM,sp|P01009|A1AT_HUMAN,75.0,86.0,2.0
2218,IPPEVKFNKPFVFLMI,sp|P01009|A1AT_HUMAN,385.0,398.0,1.0
2506,KAVHKAVLT,sp|P01009|A1AT_HUMAN,356.0,362.0,2.0
2507,KAVLTIDEKG,sp|P01009|A1AT_HUMAN,360.0,367.0,3.0
2584,KDTEEEDFHV,sp|P01009|A1AT_HUMAN,226.0,233.0,1.0
2890,KLQHLENELTHDIITKFL,sp|P01009|A1AT_HUMAN,284.0,299.0,1.0
3035,KSPLFMGKV,sp|P01009|A1AT_HUMAN,405.0,411.0,3.0
3099,KTDTSHHDQDHPTFN,sp|P01009|A1AT_HUMAN,35.0,47.0,1.0
3541,LFMGKVVNPTQK,sp|P01009|A1AT_HUMAN,408.0,418.0,7.0
3819,LPDEGKLQHLENELTHDIITKFLENEDRRSASLHLP,sp|P01009|A1AT_HUMAN,279.0,312.0,1.0
4003,LSKAVHKAVLT,sp|P01009|A1AT_HUMAN,354.0,362.0,2.0
4096,LTIDEKGTEAAGAMFL,sp|P01009|A1AT_HUMAN,363.0,376.0,3.0
4333,MIEQNTKSPLF,sp|P01009|A1AT_HUMAN,399.0,407.0,1.0
4334,MIEQNTKSPLFM,sp|P01009|A1AT_HUMAN,399.0,408.0,1.0
4335,MIEQNTKSPLFMGKVVNPTQK,sp|P01009|A1AT_HUMAN,399.0,418.0,1.0
4400,MSIPPEVKFNKPFVF,sp|P01009|A1AT_HUMAN,383.0,395.0,1.0
5226,RSASLHLPKLSIT,sp|P01009|A1AT_HUMAN,307.0,317.0,2.0
5497,SIPPEVKFN,sp|P01009|A1AT_HUMAN,384.0,390.0,4.0
5498,SIPPEVKFNKPFVF,sp|P01009|A1AT_HUMAN,384.0,395.0,2.0
6189,VDLVKELDRDTVFA,sp|P01009|A1AT_HUMAN,195.0,206.0,2.0
6235,VFLMIEQNTKSPLFMGKVVNPTQK,sp|P01009|A1AT_HUMAN,396.0,418.0,0.0
6443,VKDTEEEDFH,sp|P01009|A1AT_HUMAN,225.0,232.0,2.0
6444,VKDTEEEDFHV,sp|P01009|A1AT_HUMAN,225.0,233.0,4.0
6445,VKDTEEEDFHVDQVTTVK,sp|P01009|A1AT_HUMAN,225.0,240.0,1.0
6686,VNFGDTEEAKK,sp|P01009|A1AT_HUMAN,170.0,178.0,1.0
6848,VSIATAFAMLSLGTK,sp|P01009|A1AT_HUMAN,80.0,92.0,1.0
7293,YDLKSVLGQLGIT,sp|P01009|A1AT_HUMAN,322.0,332.0,2.0
7294,YDLKSVLGQLGITK,sp|P01009|A1AT_HUMAN,322.0,333.0,1.0
7295,YDLKSVLGQLGITKV,sp|P01009|A1AT_HUMAN,322.0,334.0,6.0
7296,YDLKSVLGQLGITKVF,sp|P01009|A1AT_HUMAN,322.0,335.0,0.0
